user_id,matched_user_id,action,timestamp
U001,U060,0,2025-01-28
U001,U056,1,2025-01-17
U001,U039,0,2025-01-31
U001,U010,0,2025-03-02
U001,U002,0,2025-02-27
U001,U057,0,2025-02-05
U001,U063,1,2025-01-05
U002,U069,0,2025-02-10
U002,U054,0,2025-01-14
U002,U018,0,2025-01-04
U002,U084,0,2025-01-12
U002,U067,0,2025-02-06
U002,U059,0,2025-01-09
U003,U067,0,2025-02-09
U003,U031,0,2025-02-06
U003,U052,0,2025-01-13
U003,U032,0,2025-02-21
U003,U059,1,2025-02-01
U003,U057,0,2025-01-25
U003,U041,0,2025-02-16
U004,U074,0,2025-02-20
U004,U020,0,2025-02-24
U004,U039,0,2025-02-27
U004,U089,0,2025-02-25
U004,U070,1,2025-01-10
U004,U011,0,2025-02-03
U004,U021,0,2025-01-14
U004,U048,0,2025-01-27
U005,U088,0,2025-01-19
U005,U084,1,2025-01-27
U005,U047,1,2025-01-27
U005,U027,0,2025-02-19
U005,U058,1,2025-01-16
U006,U025,0,2025-01-23
U006,U052,0,2025-02-25
U006,U023,1,2025-02-12
U006,U059,0,2025-02-21
U006,U079,0,2025-02-01
U006,U031,1,2025-01-14
U007,U049,1,2025-02-28
U007,U064,1,2025-01-18
U007,U028,0,2025-01-26
U007,U044,0,2025-02-26
U007,U020,0,2025-02-10
U007,U031,1,2025-01-03
U007,U081,0,2025-01-21
U007,U051,0,2025-01-03
U008,U018,0,2025-01-07
U008,U065,1,2025-01-10
U008,U041,0,2025-01-06
U008,U068,0,2025-02-07
U008,U024,0,2025-02-24
U008,U006,0,2025-03-02
U008,U071,0,2025-02-23
U008,U086,1,2025-01-04
U009,U017,0,2025-02-09
U009,U054,0,2025-02-23
U009,U034,1,2025-02-21
U009,U087,0,2025-01-02
U009,U057,0,2025-01-16
U010,U048,0,2025-02-19
U010,U030,0,2025-02-26
U010,U055,0,2025-02-08
U010,U077,1,2025-01-12
U010,U067,0,2025-01-06
U010,U042,1,2025-02-13
U011,U057,0,2025-01-28
U011,U027,1,2025-01-06
U011,U072,1,2025-02-06
U011,U023,0,2025-02-21
U011,U080,0,2025-01-12
U011,U079,0,2025-01-08
U011,U089,0,2025-02-22
U011,U038,1,2025-01-28
U012,U055,1,2025-02-20
U012,U075,1,2025-02-03
U012,U022,1,2025-02-21
U012,U052,0,2025-01-31
U012,U024,0,2025-01-24
U012,U046,0,2025-02-13
U012,U001,0,2025-01-10
U013,U024,0,2025-01-27
U013,U029,0,2025-02-09
U013,U079,0,2025-02-16
U013,U056,0,2025-01-16
U013,U012,1,2025-02-14
U013,U028,1,2025-02-20
U014,U007,0,2025-02-23
U014,U013,0,2025-02-02
U014,U065,0,2025-01-20
U014,U069,0,2025-01-27
U014,U086,0,2025-02-20
U015,U065,1,2025-02-16
U015,U029,0,2025-02-28
U015,U081,0,2025-03-01
U015,U014,1,2025-02-16
U015,U058,0,2025-02-19
U016,U031,1,2025-03-02
U016,U018,1,2025-02-16
U016,U003,0,2025-02-20
U016,U053,0,2025-03-02
U016,U038,0,2025-02-03
U017,U034,1,2025-01-10
U017,U039,1,2025-01-22
U017,U051,0,2025-01-18
U017,U052,0,2025-01-13
U017,U085,0,2025-01-29
U017,U031,0,2025-01-17
U017,U015,0,2025-01-20
U018,U059,0,2025-01-19
U018,U086,0,2025-01-10
U018,U055,0,2025-01-27
U018,U007,1,2025-01-05
U018,U075,0,2025-01-19
U019,U047,0,2025-02-17
U019,U020,0,2025-01-03
U019,U014,1,2025-01-18
U019,U039,0,2025-01-11
U019,U050,1,2025-02-24
U019,U059,0,2025-01-14
U020,U074,0,2025-03-01
U020,U052,1,2025-02-27
U020,U069,1,2025-02-04
U020,U035,0,2025-01-05
U020,U048,0,2025-02-25
U020,U013,1,2025-02-07
U020,U043,0,2025-01-04
U020,U059,0,2025-02-28
U021,U042,1,2025-03-01
U021,U011,1,2025-02-26
U021,U087,0,2025-01-19
U021,U085,0,2025-02-04
U021,U075,0,2025-01-21
U021,U041,1,2025-01-21
U021,U048,0,2025-02-22
U021,U071,0,2025-02-01
U022,U041,1,2025-02-18
U022,U070,0,2025-03-01
U022,U060,0,2025-02-14
U022,U045,1,2025-02-16
U022,U078,0,2025-01-20
U022,U004,0,2025-01-11
U023,U081,1,2025-02-08
U023,U047,0,2025-01-14
U023,U084,0,2025-01-20
U023,U049,0,2025-01-07
U023,U073,0,2025-01-07
U023,U060,0,2025-01-15
U023,U018,1,2025-02-15
U023,U071,0,2025-02-08
U024,U073,1,2025-02-19
U024,U055,1,2025-01-29
U024,U086,0,2025-02-17
U024,U027,1,2025-01-23
U024,U033,0,2025-03-01
U024,U077,1,2025-02-26
U024,U080,0,2025-01-19
U024,U052,0,2025-02-21
U025,U036,0,2025-02-26
U025,U021,0,2025-02-14
U025,U066,0,2025-03-01
U025,U034,0,2025-02-01
U025,U001,1,2025-01-27
U026,U020,0,2025-02-09
U026,U071,0,2025-01-08
U026,U016,1,2025-01-11
U026,U028,0,2025-01-10
U026,U012,1,2025-02-03
U027,U035,0,2025-01-14
U027,U064,0,2025-02-18
U027,U069,0,2025-01-13
U027,U073,0,2025-02-13
U027,U011,1,2025-02-11
U027,U051,1,2025-02-26
U027,U010,0,2025-02-17
U027,U045,0,2025-02-15
U028,U026,1,2025-01-16
U028,U025,0,2025-01-15
U028,U086,1,2025-01-02
U028,U015,1,2025-01-13
U028,U024,0,2025-01-10
U028,U062,1,2025-01-26
U028,U005,1,2025-02-08
U029,U030,1,2025-02-19
U029,U043,1,2025-02-04
U029,U020,0,2025-02-19
U029,U083,0,2025-02-26
U029,U052,0,2025-02-22
U030,U063,0,2025-01-18
U030,U034,0,2025-02-11
U030,U088,0,2025-02-05
U030,U067,1,2025-01-09
U030,U056,0,2025-01-10
U030,U022,0,2025-01-21
U030,U045,1,2025-02-10
U031,U060,1,2025-01-06
U031,U080,0,2025-01-29
U031,U055,0,2025-01-23
U031,U004,0,2025-01-20
U031,U030,0,2025-02-25
U031,U081,0,2025-02-28
U031,U082,0,2025-02-05
U031,U089,1,2025-02-06
U032,U057,0,2025-01-29
U032,U053,0,2025-01-23
U032,U034,1,2025-01-18
U032,U029,0,2025-01-10
U032,U073,0,2025-02-05
U032,U044,1,2025-02-18
U032,U072,0,2025-01-30
U032,U030,1,2025-01-17
U033,U077,0,2025-01-11
U033,U027,0,2025-02-10
U033,U049,1,2025-02-05
U033,U017,0,2025-03-01
U033,U066,0,2025-01-29
U033,U072,0,2025-02-18
U034,U032,0,2025-02-02
U034,U046,1,2025-01-27
U034,U089,0,2025-01-28
U034,U078,1,2025-01-13
U034,U022,1,2025-02-21
U034,U047,0,2025-01-05
U034,U068,0,2025-02-06
U035,U050,0,2025-01-15
U035,U084,0,2025-01-09
U035,U041,0,2025-02-11
U035,U081,0,2025-02-02
U035,U075,0,2025-02-19
U035,U031,1,2025-02-24
U035,U033,0,2025-01-20
U036,U079,1,2025-01-15
U036,U028,1,2025-01-06
U036,U004,0,2025-01-17
U036,U073,1,2025-02-19
U036,U045,1,2025-02-13
U036,U014,1,2025-02-18
U037,U006,0,2025-01-08
U037,U080,1,2025-02-17
U037,U041,0,2025-01-12
U037,U001,0,2025-01-15
U037,U079,0,2025-02-01
U037,U024,0,2025-01-07
U037,U057,0,2025-01-02
U037,U076,1,2025-01-19
U038,U010,1,2025-02-05
U038,U024,0,2025-01-05
U038,U032,0,2025-01-23
U038,U065,0,2025-01-07
U038,U045,0,2025-02-04
U038,U078,0,2025-02-21
U038,U011,0,2025-01-13
U038,U001,0,2025-01-21
U039,U032,0,2025-01-30
U039,U020,1,2025-01-06
U039,U033,1,2025-01-23
U039,U086,0,2025-02-01
U039,U058,0,2025-01-15
U039,U066,0,2025-02-01
U039,U019,0,2025-01-05
U040,U045,1,2025-01-25
U040,U062,0,2025-02-08
U040,U087,1,2025-02-28
U040,U026,1,2025-01-11
U040,U048,1,2025-03-01
U040,U032,1,2025-02-11
U040,U020,0,2025-01-05
U040,U005,0,2025-01-13
U041,U072,0,2025-02-25
U041,U035,1,2025-01-10
U041,U029,1,2025-02-13
U041,U036,0,2025-02-16
U041,U020,1,2025-01-23
U041,U061,1,2025-03-01
U041,U084,0,2025-01-26
U042,U035,0,2025-01-24
U042,U029,0,2025-01-26
U042,U037,0,2025-02-26
U042,U001,0,2025-01-05
U042,U012,0,2025-02-28
U043,U037,1,2025-02-21
U043,U009,0,2025-02-06
U043,U086,0,2025-02-22
U043,U047,0,2025-01-28
U043,U056,1,2025-01-22
U044,U008,1,2025-02-18
U044,U009,1,2025-02-03
U044,U036,0,2025-02-10
U044,U038,1,2025-01-04
U044,U033,1,2025-01-15
U045,U001,1,2025-02-23
U045,U003,0,2025-02-15
U045,U056,1,2025-01-09
U045,U004,0,2025-03-02
U045,U059,1,2025-01-27
U046,U041,0,2025-01-02
U046,U072,0,2025-02-03
U046,U082,0,2025-02-25
U046,U026,1,2025-01-08
U046,U027,0,2025-01-21
U046,U013,0,2025-01-28
U046,U018,0,2025-01-18
U047,U054,0,2025-02-24
U047,U050,0,2025-01-01
U047,U068,1,2025-01-14
U047,U035,1,2025-02-11
U047,U023,0,2025-03-01
U047,U049,0,2025-02-24
U047,U086,1,2025-01-14
U047,U001,1,2025-01-28
U048,U080,0,2025-01-03
U048,U066,0,2025-01-17
U048,U026,1,2025-01-19
U048,U057,0,2025-01-20
U048,U084,1,2025-02-20
U048,U006,0,2025-02-07
U049,U088,0,2025-01-28
U049,U005,0,2025-02-16
U049,U058,1,2025-02-25
U049,U041,1,2025-02-27
U049,U038,1,2025-01-17
U049,U032,0,2025-01-20
U049,U028,0,2025-01-04
U050,U001,0,2025-01-29
U050,U046,0,2025-01-13
U050,U053,1,2025-01-13
U050,U004,0,2025-01-08
U050,U038,1,2025-01-29
U051,U071,1,2025-01-05
U051,U038,1,2025-01-10
U051,U062,0,2025-03-01
U051,U017,0,2025-02-20
U051,U049,1,2025-02-21
U051,U025,1,2025-02-17
U051,U084,0,2025-02-05
U051,U063,0,2025-01-18
U052,U011,0,2025-02-27
U052,U014,0,2025-01-12
U052,U010,1,2025-01-11
U052,U058,1,2025-01-21
U052,U080,0,2025-02-05
U052,U057,0,2025-02-26
U052,U033,1,2025-02-06
U053,U035,1,2025-01-31
U053,U066,0,2025-01-08
U053,U077,0,2025-02-23
U053,U049,1,2025-01-20
U053,U051,0,2025-01-15
U054,U086,0,2025-01-23
U054,U074,1,2025-01-17
U054,U048,1,2025-02-15
U054,U019,0,2025-01-01
U054,U027,0,2025-01-23
U054,U023,0,2025-02-17
U055,U075,0,2025-01-28
U055,U013,0,2025-02-13
U055,U033,0,2025-01-22
U055,U076,0,2025-01-15
U055,U070,1,2025-02-10
U055,U058,0,2025-01-19
U056,U047,1,2025-02-13
U056,U024,0,2025-01-27
U056,U058,1,2025-01-08
U056,U051,0,2025-01-13
U056,U010,0,2025-01-17
U056,U032,1,2025-02-05
U057,U064,1,2025-01-30
U057,U019,1,2025-01-13
U057,U062,1,2025-02-14
U057,U013,1,2025-02-05
U057,U015,0,2025-01-18
U057,U001,1,2025-02-10
U058,U082,0,2025-01-04
U058,U073,0,2025-01-16
U058,U024,0,2025-02-27
U058,U056,0,2025-01-29
U058,U012,0,2025-02-21
U059,U042,0,2025-01-29
U059,U055,0,2025-01-27
U059,U053,1,2025-03-02
U059,U039,1,2025-02-04
U059,U057,1,2025-01-04
U059,U040,1,2025-02-25
U059,U022,0,2025-02-11
U060,U058,0,2025-02-07
U060,U077,1,2025-02-11
U060,U089,0,2025-01-19
U060,U062,1,2025-01-10
U060,U038,0,2025-03-01
U060,U006,0,2025-02-19
U061,U073,0,2025-02-28
U061,U063,0,2025-01-08
U061,U068,1,2025-02-21
U061,U002,1,2025-03-01
U061,U046,0,2025-01-26
U061,U066,1,2025-01-21
U061,U037,1,2025-01-17
U062,U085,0,2025-02-15
U062,U003,1,2025-02-11
U062,U028,0,2025-01-19
U062,U025,0,2025-02-20
U062,U042,0,2025-02-12
U062,U088,0,2025-02-13
U062,U069,0,2025-01-09
U062,U026,0,2025-02-03
U063,U051,0,2025-01-24
U063,U028,1,2025-02-11
U063,U049,0,2025-02-18
U063,U014,1,2025-01-21
U063,U016,0,2025-01-26
U063,U050,1,2025-02-13
U063,U053,0,2025-02-26
U064,U045,1,2025-01-16
U064,U076,1,2025-02-05
U064,U069,0,2025-02-09
U064,U012,0,2025-02-19
U064,U082,0,2025-02-25
U064,U059,1,2025-01-31
U065,U060,0,2025-01-03
U065,U024,1,2025-01-11
U065,U073,1,2025-02-07
U065,U022,0,2025-01-23
U065,U059,1,2025-02-24
U065,U061,0,2025-01-06
U065,U012,0,2025-02-12
U066,U033,0,2025-02-01
U066,U061,0,2025-02-06
U066,U048,0,2025-02-24
U066,U003,1,2025-02-22
U066,U065,1,2025-01-25
U066,U084,0,2025-01-20
U066,U053,0,2025-01-04
U066,U047,0,2025-02-03
U067,U079,0,2025-02-26
U067,U057,1,2025-01-11
U067,U014,0,2025-01-03
U067,U061,0,2025-02-11
U067,U080,1,2025-01-30
U067,U059,0,2025-02-20
U067,U029,1,2025-02-26
U067,U023,0,2025-01-24
U068,U007,0,2025-03-02
U068,U065,0,2025-01-12
U068,U036,0,2025-03-02
U068,U047,0,2025-01-14
U068,U082,0,2025-02-05
U068,U054,0,2025-01-30
U068,U089,0,2025-01-17
U069,U007,1,2025-02-04
U069,U024,0,2025-01-24
U069,U014,0,2025-01-04
U069,U022,0,2025-01-07
U069,U020,0,2025-02-10
U069,U003,0,2025-01-06
U070,U024,1,2025-02-21
U070,U051,0,2025-02-18
U070,U038,0,2025-01-27
U070,U008,0,2025-02-15
U070,U057,1,2025-01-01
U070,U005,1,2025-02-12
U070,U066,0,2025-02-13
U070,U048,0,2025-02-19
U071,U048,0,2025-02-09
U071,U014,1,2025-01-27
U071,U075,0,2025-02-20
U071,U022,0,2025-02-07
U071,U086,0,2025-01-06
U071,U002,0,2025-02-22
U071,U084,0,2025-02-11
U072,U078,0,2025-02-04
U072,U003,0,2025-01-07
U072,U079,1,2025-02-19
U072,U070,0,2025-01-11
U072,U077,0,2025-01-30
U072,U013,1,2025-01-08
U073,U037,1,2025-02-10
U073,U055,1,2025-01-12
U073,U038,0,2025-02-24
U073,U056,1,2025-01-14
U073,U001,1,2025-01-23
U073,U035,1,2025-02-26
U073,U057,0,2025-03-01
U074,U052,0,2025-01-16
U074,U022,0,2025-02-16
U074,U055,0,2025-02-04
U074,U016,0,2025-01-29
U074,U069,1,2025-02-15
U075,U087,0,2025-01-25
U075,U034,0,2025-02-07
U075,U016,0,2025-02-16
U075,U084,0,2025-02-26
U075,U052,0,2025-01-15
U075,U010,1,2025-01-08
U075,U001,1,2025-02-14
U076,U043,0,2025-01-25
U076,U081,1,2025-02-07
U076,U068,0,2025-01-25
U076,U038,0,2025-01-07
U076,U054,0,2025-01-13
U076,U071,0,2025-01-06
U076,U012,1,2025-02-02
U076,U088,0,2025-02-22
U077,U072,1,2025-01-28
U077,U040,1,2025-01-22
U077,U030,0,2025-02-16
U077,U053,0,2025-02-28
U077,U039,1,2025-02-01
U077,U025,1,2025-02-15
U077,U073,0,2025-02-06
U077,U026,0,2025-02-19
U078,U020,0,2025-02-27
U078,U025,0,2025-02-12
U078,U017,0,2025-02-18
U078,U008,0,2025-02-24
U078,U039,1,2025-01-11
U078,U032,0,2025-02-04
U078,U040,0,2025-01-28
U078,U002,0,2025-01-14
U079,U087,0,2025-01-10
U079,U036,0,2025-01-02
U079,U010,0,2025-02-13
U079,U047,1,2025-01-03
U079,U081,1,2025-01-19
U079,U055,1,2025-01-23
U079,U077,1,2025-02-07
U080,U050,1,2025-02-28
U080,U054,1,2025-01-31
U080,U005,0,2025-02-25
U080,U035,1,2025-02-09
U080,U075,0,2025-01-26
U080,U081,1,2025-02-27
U080,U070,1,2025-02-09
U080,U011,0,2025-01-31
U081,U007,1,2025-02-01
U081,U013,0,2025-01-13
U081,U018,1,2025-01-13
U081,U080,0,2025-02-27
U081,U012,1,2025-01-15
U081,U083,0,2025-01-08
U082,U041,1,2025-02-27
U082,U032,1,2025-02-28
U082,U058,0,2025-01-03
U082,U073,0,2025-02-22
U082,U079,0,2025-01-08
U082,U021,1,2025-02-23
U082,U059,0,2025-01-09
U083,U073,1,2025-01-17
U083,U004,0,2025-02-16
U083,U081,0,2025-02-06
U083,U020,1,2025-02-20
U083,U001,0,2025-01-30
U083,U042,0,2025-01-14
U083,U024,1,2025-01-06
U083,U025,1,2025-01-06
U084,U016,0,2025-02-16
U084,U065,0,2025-01-28
U084,U083,0,2025-01-16
U084,U012,0,2025-01-24
U084,U026,0,2025-01-21
U085,U015,1,2025-01-30
U085,U070,1,2025-01-20
U085,U048,0,2025-03-02
U085,U072,0,2025-01-17
U085,U052,1,2025-01-17
U085,U011,1,2025-02-26
U086,U058,0,2025-01-31
U086,U005,0,2025-02-28
U086,U064,0,2025-02-23
U086,U071,1,2025-02-17
U086,U049,1,2025-01-01
U086,U037,0,2025-01-10
U086,U016,1,2025-01-04
U087,U025,0,2025-03-02
U087,U058,0,2025-01-19
U087,U077,1,2025-03-01
U087,U053,0,2025-01-29
U087,U085,0,2025-02-21
U087,U059,1,2025-02-15
U087,U067,0,2025-01-30
U088,U019,0,2025-01-06
U088,U027,1,2025-03-01
U088,U054,0,2025-02-16
U088,U058,0,2025-01-17
U088,U041,0,2025-01-12
U088,U028,0,2025-01-26
U088,U078,1,2025-01-12
U089,U036,0,2025-01-27
U089,U067,0,2025-02-25
U089,U072,0,2025-01-28
U089,U005,0,2025-01-10
U089,U084,1,2025-01-21
U089,U030,0,2025-01-12
U089,U056,0,2025-01-17
