user_id,name,age,location,profession,experience_years,professional_summary,about_me,mbti,interests
U001,Anjali Smith,25,Seoul,Data Scientist,4,Data Scientist with 4 years of experience working on real-world projects. Skilled in relevant tools and focused on solving practical problems. Passionate about continuous learning and growth.,"I am a data scientist who enjoys improving skills through consistent practice. I prefer structured work environments and value discipline, curiosity, and continuous self-development.",INTP,"AI, Coding, Reading"
U002,Riya Brown,22,Mumbai,Data Scientist,5,Data Scientist with 5 years of experience working on real-world projects. Skilled in relevant tools and focused on solving practical problems. Passionate about continuous learning and growth.,"I am a data scientist who enjoys improving skills through consistent practice. I prefer structured work environments and value discipline, curiosity, and continuous self-development.",INTP,"Travel, Photography, Blogging"
U003,Olivia Das,33,Seoul,Data Scientist,4,Data Scientist with 4 years of experience working on real-world projects. Skilled in relevant tools and focused on solving practical problems. Passionate about continuous learning and growth.,"I am a data scientist who enjoys improving skills through consistent practice. I prefer structured work environments and value discipline, curiosity, and continuous self-development.",INTP,"Fitness, Sports, Wellness"
U004,Arjun Taylor,34,Chennai,Machine Learning Engineer,3,Machine Learning Engineer with 3 years of experience working on real-world projects. Skilled in relevant tools and focused on solving practical problems. Passionate about continuous learning and growth.,"I am a machine learning engineer who enjoys improving skills through consistent practice. I prefer structured work environments and value discipline, curiosity, and continuous self-development.",INTJ,"AI, Coding, Reading"
U005,Ethan Kapoor,24,Toronto,UI/UX Designer,2,UI/UX Designer with 2 years of experience working on real-world projects. Skilled in relevant tools and focused on solving practical problems. Passionate about continuous learning and growth.,"I am a ui/ux designer who enjoys improving skills through consistent practice. I prefer structured work environments and value discipline, curiosity, and continuous self-development.",ENFP,"Art, Design, Creativity"
U006,Sophia Taylor,26,Berlin,Frontend Developer,5,Frontend Developer with 5 years of experience working on real-world projects. Skilled in relevant tools and focused on solving practical problems. Passionate about continuous learning and growth.,"I am a frontend developer who enjoys improving skills through consistent practice. I prefer structured work environments and value discipline, curiosity, and continuous self-development.",ISFP,"AI, Coding, Reading"
U007,Amit Joshi,26,Singapore,Machine Learning Engineer,3,Machine Learning Engineer with 3 years of experience working on real-world projects. Skilled in relevant tools and focused on solving practical problems. Passionate about continuous learning and growth.,"I am a machine learning engineer who enjoys improving skills through consistent practice. I prefer structured work environments and value discipline, curiosity, and continuous self-development.",INTJ,"Fitness, Sports, Wellness"
U008,Karan Singh,33,Chennai,UI/UX Designer,3,UI/UX Designer with 3 years of experience working on real-world projects. Skilled in relevant tools and focused on solving practical problems. Passionate about continuous learning and growth.,"I am a ui/ux designer who enjoys improving skills through consistent practice. I prefer structured work environments and value discipline, curiosity, and continuous self-development.",ENFP,"Music, Writing, Culture"
U009,Ava Rao,28,Delhi,Backend Engineer,5,Backend Engineer with 5 years of experience working on real-world projects. Skilled in relevant tools and focused on solving practical problems. Passionate about continuous learning and growth.,"I am a backend engineer who enjoys improving skills through consistent practice. I prefer structured work environments and value discipline, curiosity, and continuous self-development.",ISTP,"Gaming, Tech, Movies"
U010,Anjali Taylor,25,Berlin,Frontend Developer,3,Frontend Developer with 3 years of experience working on real-world projects. Skilled in relevant tools and focused on solving practical problems. Passionate about continuous learning and growth.,"I am a frontend developer who enjoys improving skills through consistent practice. I prefer structured work environments and value discipline, curiosity, and continuous self-development.",ISFP,"Music, Writing, Culture"
U011,John Thomas,32,Berlin,Product Manager,3,Product Manager with 3 years of experience working on real-world projects. Skilled in relevant tools and focused on solving practical problems. Passionate about continuous learning and growth.,"I am a product manager who enjoys improving skills through consistent practice. I prefer structured work environments and value discipline, curiosity, and continuous self-development.",ENTJ,"Music, Writing, Culture"
U012,Noah Patel,27,Chennai,Business Analyst,5,Business Analyst with 5 years of experience working on real-world projects. Skilled in relevant tools and focused on solving practical problems. Passionate about continuous learning and growth.,"I am a business analyst who enjoys improving skills through consistent practice. I prefer structured work environments and value discipline, curiosity, and continuous self-development.",INFJ,"Fitness, Sports, Wellness"
U013,Vikram Clark,27,London,Backend Engineer,1,Backend Engineer with 1 years of experience working on real-world projects. Skilled in relevant tools and focused on solving practical problems. Passionate about continuous learning and growth.,"I am a backend engineer who enjoys improving skills through consistent practice. I prefer structured work environments and value discipline, curiosity, and continuous self-development.",ISTP,"Fitness, Sports, Wellness"
U014,Priya Harris,24,Hyderabad,Business Analyst,4,Business Analyst with 4 years of experience working on real-world projects. Skilled in relevant tools and focused on solving practical problems. Passionate about continuous learning and growth.,"I am a business analyst who enjoys improving skills through consistent practice. I prefer structured work environments and value discipline, curiosity, and continuous self-development.",INFJ,"Travel, Photography, Blogging"
U015,Sophia Singh,28,Barcelona,Marketing Specialist,1,Marketing Specialist with 1 years of experience working on real-world projects. Skilled in relevant tools and focused on solving practical problems. Passionate about continuous learning and growth.,"I am a marketing specialist who enjoys improving skills through consistent practice. I prefer structured work environments and value discipline, curiosity, and continuous self-development.",ESFP,"Travel, Photography, Blogging"
U016,Sneha Smith,32,Barcelona,Machine Learning Engineer,4,Machine Learning Engineer with 4 years of experience working on real-world projects. Skilled in relevant tools and focused on solving practical problems. Passionate about continuous learning and growth.,"I am a machine learning engineer who enjoys improving skills through consistent practice. I prefer structured work environments and value discipline, curiosity, and continuous self-development.",INTJ,"AI, Coding, Reading"
U017,John Smith,32,Amsterdam,Project Manager,4,Project Manager with 4 years of experience working on real-world projects. Skilled in relevant tools and focused on solving practical problems. Passionate about continuous learning and growth.,"I am a project manager who enjoys improving skills through consistent practice. I prefer structured work environments and value discipline, curiosity, and continuous self-development.",ESTJ,"Music, Writing, Culture"
U018,Riya Smith,30,New York,Machine Learning Engineer,4,Machine Learning Engineer with 4 years of experience working on real-world projects. Skilled in relevant tools and focused on solving practical problems. Passionate about continuous learning and growth.,"I am a machine learning engineer who enjoys improving skills through consistent practice. I prefer structured work environments and value discipline, curiosity, and continuous self-development.",INTJ,"Travel, Photography, Blogging"
U019,Arjun Singh,34,Toronto,Business Analyst,2,Business Analyst with 2 years of experience working on real-world projects. Skilled in relevant tools and focused on solving practical problems. Passionate about continuous learning and growth.,"I am a business analyst who enjoys improving skills through consistent practice. I prefer structured work environments and value discipline, curiosity, and continuous self-development.",INFJ,"AI, Coding, Reading"
U020,Arjun White,21,Toronto,Backend Engineer,2,Backend Engineer with 2 years of experience working on real-world projects. Skilled in relevant tools and focused on solving practical problems. Passionate about continuous learning and growth.,"I am a backend engineer who enjoys improving skills through consistent practice. I prefer structured work environments and value discipline, curiosity, and continuous self-development.",ISTP,"AI, Coding, Reading"
U021,Rahul Verma,32,Dubai,Project Manager,2,Project Manager with 2 years of experience working on real-world projects. Skilled in relevant tools and focused on solving practical problems. Passionate about continuous learning and growth.,"I am a project manager who enjoys improving skills through consistent practice. I prefer structured work environments and value discipline, curiosity, and continuous self-development.",ESTJ,"Gaming, Tech, Movies"
U022,Sneha White,27,Rome,UI/UX Designer,1,UI/UX Designer with 1 years of experience working on real-world projects. Skilled in relevant tools and focused on solving practical problems. Passionate about continuous learning and growth.,"I am a ui/ux designer who enjoys improving skills through consistent practice. I prefer structured work environments and value discipline, curiosity, and continuous self-development.",ENFP,"Fitness, Sports, Wellness"
U023,Neha Verma,28,Pune,Frontend Developer,3,Frontend Developer with 3 years of experience working on real-world projects. Skilled in relevant tools and focused on solving practical problems. Passionate about continuous learning and growth.,"I am a frontend developer who enjoys improving skills through consistent practice. I prefer structured work environments and value discipline, curiosity, and continuous self-development.",ISFP,"Art, Design, Creativity"
U024,Rahul Kapoor,33,London,Software Developer,3,Software Developer with 3 years of experience working on real-world projects. Skilled in relevant tools and focused on solving practical problems. Passionate about continuous learning and growth.,"I am a software developer who enjoys improving skills through consistent practice. I prefer structured work environments and value discipline, curiosity, and continuous self-development.",ISTJ,"Art, Design, Creativity"
U025,Riya Smith,32,Barcelona,Machine Learning Engineer,2,Machine Learning Engineer with 2 years of experience working on real-world projects. Skilled in relevant tools and focused on solving practical problems. Passionate about continuous learning and growth.,"I am a machine learning engineer who enjoys improving skills through consistent practice. I prefer structured work environments and value discipline, curiosity, and continuous self-development.",INTJ,"Music, Writing, Culture"
U026,John Rao,29,Berlin,Project Manager,3,Project Manager with 3 years of experience working on real-world projects. Skilled in relevant tools and focused on solving practical problems. Passionate about continuous learning and growth.,"I am a project manager who enjoys improving skills through consistent practice. I prefer structured work environments and value discipline, curiosity, and continuous self-development.",ESTJ,"Travel, Photography, Blogging"
U027,Riya Sharma,31,Bangalore,Business Analyst,5,Business Analyst with 5 years of experience working on real-world projects. Skilled in relevant tools and focused on solving practical problems. Passionate about continuous learning and growth.,"I am a business analyst who enjoys improving skills through consistent practice. I prefer structured work environments and value discipline, curiosity, and continuous self-development.",INFJ,"Gaming, Tech, Movies"
U028,Sophia Das,32,Singapore,Business Analyst,3,Business Analyst with 3 years of experience working on real-world projects. Skilled in relevant tools and focused on solving practical problems. Passionate about continuous learning and growth.,"I am a business analyst who enjoys improving skills through consistent practice. I prefer structured work environments and value discipline, curiosity, and continuous self-development.",INFJ,"Fitness, Sports, Wellness"
U029,Rahul Wilson,25,Tokyo,Project Manager,2,Project Manager with 2 years of experience working on real-world projects. Skilled in relevant tools and focused on solving practical problems. Passionate about continuous learning and growth.,"I am a project manager who enjoys improving skills through consistent practice. I prefer structured work environments and value discipline, curiosity, and continuous self-development.",ESTJ,"Music, Writing, Culture"
U030,Sophia Harris,21,Rome,Project Manager,3,Project Manager with 3 years of experience working on real-world projects. Skilled in relevant tools and focused on solving practical problems. Passionate about continuous learning and growth.,"I am a project manager who enjoys improving skills through consistent practice. I prefer structured work environments and value discipline, curiosity, and continuous self-development.",ESTJ,"Fitness, Sports, Wellness"
U031,Riya Kapoor,22,Hyderabad,Product Manager,2,Product Manager with 2 years of experience working on real-world projects. Skilled in relevant tools and focused on solving practical problems. Passionate about continuous learning and growth.,"I am a product manager who enjoys improving skills through consistent practice. I prefer structured work environments and value discipline, curiosity, and continuous self-development.",ENTJ,"Gaming, Tech, Movies"
U032,Sneha White,35,Seoul,Marketing Specialist,5,Marketing Specialist with 5 years of experience working on real-world projects. Skilled in relevant tools and focused on solving practical problems. Passionate about continuous learning and growth.,"I am a marketing specialist who enjoys improving skills through consistent practice. I prefer structured work environments and value discipline, curiosity, and continuous self-development.",ESFP,"AI, Coding, Reading"
U033,John Joshi,23,Delhi,Machine Learning Engineer,3,Machine Learning Engineer with 3 years of experience working on real-world projects. Skilled in relevant tools and focused on solving practical problems. Passionate about continuous learning and growth.,"I am a machine learning engineer who enjoys improving skills through consistent practice. I prefer structured work environments and value discipline, curiosity, and continuous self-development.",INTJ,"Art, Design, Creativity"
U034,Sophia Das,33,Toronto,Project Manager,2,Project Manager with 2 years of experience working on real-world projects. Skilled in relevant tools and focused on solving practical problems. Passionate about continuous learning and growth.,"I am a project manager who enjoys improving skills through consistent practice. I prefer structured work environments and value discipline, curiosity, and continuous self-development.",ESTJ,"Music, Writing, Culture"
U035,John Wilson,22,Dubai,Product Manager,5,Product Manager with 5 years of experience working on real-world projects. Skilled in relevant tools and focused on solving practical problems. Passionate about continuous learning and growth.,"I am a product manager who enjoys improving skills through consistent practice. I prefer structured work environments and value discipline, curiosity, and continuous self-development.",ENTJ,"Music, Writing, Culture"
U036,Riya Das,27,Toronto,Project Manager,5,Project Manager with 5 years of experience working on real-world projects. Skilled in relevant tools and focused on solving practical problems. Passionate about continuous learning and growth.,"I am a project manager who enjoys improving skills through consistent practice. I prefer structured work environments and value discipline, curiosity, and continuous self-development.",ESTJ,"AI, Coding, Reading"
U037,John Smith,22,Rome,Product Manager,1,Product Manager with 1 years of experience working on real-world projects. Skilled in relevant tools and focused on solving practical problems. Passionate about continuous learning and growth.,"I am a product manager who enjoys improving skills through consistent practice. I prefer structured work environments and value discipline, curiosity, and continuous self-development.",ENTJ,"Music, Writing, Culture"
U038,Liam Anderson,25,Singapore,UI/UX Designer,5,UI/UX Designer with 5 years of experience working on real-world projects. Skilled in relevant tools and focused on solving practical problems. Passionate about continuous learning and growth.,"I am a ui/ux designer who enjoys improving skills through consistent practice. I prefer structured work environments and value discipline, curiosity, and continuous self-development.",ENFP,"Travel, Photography, Blogging"
U039,Rahul Nair,23,Kolkata,Data Scientist,4,Data Scientist with 4 years of experience working on real-world projects. Skilled in relevant tools and focused on solving practical problems. Passionate about continuous learning and growth.,"I am a data scientist who enjoys improving skills through consistent practice. I prefer structured work environments and value discipline, curiosity, and continuous self-development.",INTP,"Music, Writing, Culture"
U040,Emily Singh,26,Rome,Product Manager,5,Product Manager with 5 years of experience working on real-world projects. Skilled in relevant tools and focused on solving practical problems. Passionate about continuous learning and growth.,"I am a product manager who enjoys improving skills through consistent practice. I prefer structured work environments and value discipline, curiosity, and continuous self-development.",ENTJ,"AI, Coding, Reading"
U041,Sophia Brown,26,Tokyo,Software Developer,4,Software Developer with 4 years of experience working on real-world projects. Skilled in relevant tools and focused on solving practical problems. Passionate about continuous learning and growth.,"I am a software developer who enjoys improving skills through consistent practice. I prefer structured work environments and value discipline, curiosity, and continuous self-development.",ISTJ,"Music, Writing, Culture"
U042,Amit Joshi,28,Dubai,Software Developer,5,Software Developer with 5 years of experience working on real-world projects. Skilled in relevant tools and focused on solving practical problems. Passionate about continuous learning and growth.,"I am a software developer who enjoys improving skills through consistent practice. I prefer structured work environments and value discipline, curiosity, and continuous self-development.",ISTJ,"AI, Coding, Reading"
U043,Neha Das,31,Amsterdam,Software Developer,4,Software Developer with 4 years of experience working on real-world projects. Skilled in relevant tools and focused on solving practical problems. Passionate about continuous learning and growth.,"I am a software developer who enjoys improving skills through consistent practice. I prefer structured work environments and value discipline, curiosity, and continuous self-development.",ISTJ,"Gaming, Tech, Movies"
U044,Karan Nair,27,Singapore,Data Scientist,2,Data Scientist with 2 years of experience working on real-world projects. Skilled in relevant tools and focused on solving practical problems. Passionate about continuous learning and growth.,"I am a data scientist who enjoys improving skills through consistent practice. I prefer structured work environments and value discipline, curiosity, and continuous self-development.",INTP,"Travel, Photography, Blogging"
U045,Anjali Sharma,26,Hyderabad,Project Manager,1,Project Manager with 1 years of experience working on real-world projects. Skilled in relevant tools and focused on solving practical problems. Passionate about continuous learning and growth.,"I am a project manager who enjoys improving skills through consistent practice. I prefer structured work environments and value discipline, curiosity, and continuous self-development.",ESTJ,"Fitness, Sports, Wellness"
U046,Ethan Taylor,26,Singapore,Software Developer,2,Software Developer with 2 years of experience working on real-world projects. Skilled in relevant tools and focused on solving practical problems. Passionate about continuous learning and growth.,"I am a software developer who enjoys improving skills through consistent practice. I prefer structured work environments and value discipline, curiosity, and continuous self-development.",ISTJ,"Gaming, Tech, Movies"
U047,Amit Clark,27,Rome,Product Manager,5,Product Manager with 5 years of experience working on real-world projects. Skilled in relevant tools and focused on solving practical problems. Passionate about continuous learning and growth.,"I am a product manager who enjoys improving skills through consistent practice. I prefer structured work environments and value discipline, curiosity, and continuous self-development.",ENTJ,"Fitness, Sports, Wellness"
U048,Sophia Das,31,Mumbai,Project Manager,4,Project Manager with 4 years of experience working on real-world projects. Skilled in relevant tools and focused on solving practical problems. Passionate about continuous learning and growth.,"I am a project manager who enjoys improving skills through consistent practice. I prefer structured work environments and value discipline, curiosity, and continuous self-development.",ESTJ,"Fitness, Sports, Wellness"
U049,Noah White,35,Hyderabad,Machine Learning Engineer,1,Machine Learning Engineer with 1 years of experience working on real-world projects. Skilled in relevant tools and focused on solving practical problems. Passionate about continuous learning and growth.,"I am a machine learning engineer who enjoys improving skills through consistent practice. I prefer structured work environments and value discipline, curiosity, and continuous self-development.",INTJ,"Music, Writing, Culture"
U050,Arjun Kapoor,26,Kolkata,Business Analyst,4,Business Analyst with 4 years of experience working on real-world projects. Skilled in relevant tools and focused on solving practical problems. Passionate about continuous learning and growth.,"I am a business analyst who enjoys improving skills through consistent practice. I prefer structured work environments and value discipline, curiosity, and continuous self-development.",INFJ,"Art, Design, Creativity"
U051,Noah Rao,23,Hyderabad,Backend Engineer,3,Backend Engineer with 3 years of experience working on real-world projects. Skilled in relevant tools and focused on solving practical problems. Passionate about continuous learning and growth.,"I am a backend engineer who enjoys improving skills through consistent practice. I prefer structured work environments and value discipline, curiosity, and continuous self-development.",ISTP,"Fitness, Sports, Wellness"
U052,Karan Patel,33,Dublin,Machine Learning Engineer,1,Machine Learning Engineer with 1 years of experience working on real-world projects. Skilled in relevant tools and focused on solving practical problems. Passionate about continuous learning and growth.,"I am a machine learning engineer who enjoys improving skills through consistent practice. I prefer structured work environments and value discipline, curiosity, and continuous self-development.",INTJ,"Fitness, Sports, Wellness"
U053,Ethan Joshi,32,Pune,Software Developer,2,Software Developer with 2 years of experience working on real-world projects. Skilled in relevant tools and focused on solving practical problems. Passionate about continuous learning and growth.,"I am a software developer who enjoys improving skills through consistent practice. I prefer structured work environments and value discipline, curiosity, and continuous self-development.",ISTJ,"Art, Design, Creativity"
U054,Rahul Jackson,24,Seoul,Project Manager,1,Project Manager with 1 years of experience working on real-world projects. Skilled in relevant tools and focused on solving practical problems. Passionate about continuous learning and growth.,"I am a project manager who enjoys improving skills through consistent practice. I prefer structured work environments and value discipline, curiosity, and continuous self-development.",ESTJ,"AI, Coding, Reading"
U055,Riya Taylor,34,Singapore,Business Analyst,3,Business Analyst with 3 years of experience working on real-world projects. Skilled in relevant tools and focused on solving practical problems. Passionate about continuous learning and growth.,"I am a business analyst who enjoys improving skills through consistent practice. I prefer structured work environments and value discipline, curiosity, and continuous self-development.",INFJ,"Gaming, Tech, Movies"
U056,Mia Harris,26,Hyderabad,Frontend Developer,4,Frontend Developer with 4 years of experience working on real-world projects. Skilled in relevant tools and focused on solving practical problems. Passionate about continuous learning and growth.,"I am a frontend developer who enjoys improving skills through consistent practice. I prefer structured work environments and value discipline, curiosity, and continuous self-development.",ISFP,"Travel, Photography, Blogging"
U057,Amit Sharma,33,Delhi,Software Developer,5,Software Developer with 5 years of experience working on real-world projects. Skilled in relevant tools and focused on solving practical problems. Passionate about continuous learning and growth.,"I am a software developer who enjoys improving skills through consistent practice. I prefer structured work environments and value discipline, curiosity, and continuous self-development.",ISTJ,"Art, Design, Creativity"
U058,Rahul Smith,23,Mumbai,Backend Engineer,4,Backend Engineer with 4 years of experience working on real-world projects. Skilled in relevant tools and focused on solving practical problems. Passionate about continuous learning and growth.,"I am a backend engineer who enjoys improving skills through consistent practice. I prefer structured work environments and value discipline, curiosity, and continuous self-development.",ISTP,"Gaming, Tech, Movies"
U059,Sneha Sharma,27,Mumbai,Product Manager,5,Product Manager with 5 years of experience working on real-world projects. Skilled in relevant tools and focused on solving practical problems. Passionate about continuous learning and growth.,"I am a product manager who enjoys improving skills through consistent practice. I prefer structured work environments and value discipline, curiosity, and continuous self-development.",ENTJ,"Fitness, Sports, Wellness"
U060,Ethan Wilson,29,Kolkata,Marketing Specialist,3,Marketing Specialist with 3 years of experience working on real-world projects. Skilled in relevant tools and focused on solving practical problems. Passionate about continuous learning and growth.,"I am a marketing specialist who enjoys improving skills through consistent practice. I prefer structured work environments and value discipline, curiosity, and continuous self-development.",ESFP,"Gaming, Tech, Movies"
U061,Liam Sharma,35,Toronto,Business Analyst,3,Business Analyst with 3 years of experience working on real-world projects. Skilled in relevant tools and focused on solving practical problems. Passionate about continuous learning and growth.,"I am a business analyst who enjoys improving skills through consistent practice. I prefer structured work environments and value discipline, curiosity, and continuous self-development.",INFJ,"Music, Writing, Culture"
U062,Emily Patel,23,Toronto,Data Scientist,5,Data Scientist with 5 years of experience working on real-world projects. Skilled in relevant tools and focused on solving practical problems. Passionate about continuous learning and growth.,"I am a data scientist who enjoys improving skills through consistent practice. I prefer structured work environments and value discipline, curiosity, and continuous self-development.",INTP,"Fitness, Sports, Wellness"
U063,Ethan Singh,32,Mumbai,Business Analyst,2,Business Analyst with 2 years of experience working on real-world projects. Skilled in relevant tools and focused on solving practical problems. Passionate about continuous learning and growth.,"I am a business analyst who enjoys improving skills through consistent practice. I prefer structured work environments and value discipline, curiosity, and continuous self-development.",INFJ,"Art, Design, Creativity"
U064,Noah White,28,Tokyo,Product Manager,2,Product Manager with 2 years of experience working on real-world projects. Skilled in relevant tools and focused on solving practical problems. Passionate about continuous learning and growth.,"I am a product manager who enjoys improving skills through consistent practice. I prefer structured work environments and value discipline, curiosity, and continuous self-development.",ENTJ,"AI, Coding, Reading"
U065,Ava Nair,35,Amsterdam,Software Developer,4,Software Developer with 4 years of experience working on real-world projects. Skilled in relevant tools and focused on solving practical problems. Passionate about continuous learning and growth.,"I am a software developer who enjoys improving skills through consistent practice. I prefer structured work environments and value discipline, curiosity, and continuous self-development.",ISTJ,"Travel, Photography, Blogging"
U066,James White,28,Rome,Data Scientist,1,Data Scientist with 1 years of experience working on real-world projects. Skilled in relevant tools and focused on solving practical problems. Passionate about continuous learning and growth.,"I am a data scientist who enjoys improving skills through consistent practice. I prefer structured work environments and value discipline, curiosity, and continuous self-development.",INTP,"AI, Coding, Reading"
U067,Arjun Mehta,27,Toronto,Marketing Specialist,3,Marketing Specialist with 3 years of experience working on real-world projects. Skilled in relevant tools and focused on solving practical problems. Passionate about continuous learning and growth.,"I am a marketing specialist who enjoys improving skills through consistent practice. I prefer structured work environments and value discipline, curiosity, and continuous self-development.",ESFP,"Art, Design, Creativity"
U068,John Anderson,24,Dublin,Software Developer,4,Software Developer with 4 years of experience working on real-world projects. Skilled in relevant tools and focused on solving practical problems. Passionate about continuous learning and growth.,"I am a software developer who enjoys improving skills through consistent practice. I prefer structured work environments and value discipline, curiosity, and continuous self-development.",ISTJ,"Music, Writing, Culture"
U069,John Joshi,24,Barcelona,Machine Learning Engineer,2,Machine Learning Engineer with 2 years of experience working on real-world projects. Skilled in relevant tools and focused on solving practical problems. Passionate about continuous learning and growth.,"I am a machine learning engineer who enjoys improving skills through consistent practice. I prefer structured work environments and value discipline, curiosity, and continuous self-development.",INTJ,"Music, Writing, Culture"
U070,Riya Taylor,22,Seoul,Product Manager,1,Product Manager with 1 years of experience working on real-world projects. Skilled in relevant tools and focused on solving practical problems. Passionate about continuous learning and growth.,"I am a product manager who enjoys improving skills through consistent practice. I prefer structured work environments and value discipline, curiosity, and continuous self-development.",ENTJ,"Travel, Photography, Blogging"
U071,Ethan Das,32,Dublin,Software Developer,4,Software Developer with 4 years of experience working on real-world projects. Skilled in relevant tools and focused on solving practical problems. Passionate about continuous learning and growth.,"I am a software developer who enjoys improving skills through consistent practice. I prefer structured work environments and value discipline, curiosity, and continuous self-development.",ISTJ,"AI, Coding, Reading"
U072,Vikram Anderson,34,Mumbai,Machine Learning Engineer,4,Machine Learning Engineer with 4 years of experience working on real-world projects. Skilled in relevant tools and focused on solving practical problems. Passionate about continuous learning and growth.,"I am a machine learning engineer who enjoys improving skills through consistent practice. I prefer structured work environments and value discipline, curiosity, and continuous self-development.",INTJ,"Travel, Photography, Blogging"
U073,Priya Harris,33,Rome,Software Developer,2,Software Developer with 2 years of experience working on real-world projects. Skilled in relevant tools and focused on solving practical problems. Passionate about continuous learning and growth.,"I am a software developer who enjoys improving skills through consistent practice. I prefer structured work environments and value discipline, curiosity, and continuous self-development.",ISTJ,"Fitness, Sports, Wellness"
U074,Amit Patel,30,New York,Software Developer,2,Software Developer with 2 years of experience working on real-world projects. Skilled in relevant tools and focused on solving practical problems. Passionate about continuous learning and growth.,"I am a software developer who enjoys improving skills through consistent practice. I prefer structured work environments and value discipline, curiosity, and continuous self-development.",ISTJ,"AI, Coding, Reading"
U075,Riya Wilson,25,Rome,Frontend Developer,1,Frontend Developer with 1 years of experience working on real-world projects. Skilled in relevant tools and focused on solving practical problems. Passionate about continuous learning and growth.,"I am a frontend developer who enjoys improving skills through consistent practice. I prefer structured work environments and value discipline, curiosity, and continuous self-development.",ISFP,"Music, Writing, Culture"
U076,Anjali White,26,Paris,Product Manager,4,Product Manager with 4 years of experience working on real-world projects. Skilled in relevant tools and focused on solving practical problems. Passionate about continuous learning and growth.,"I am a product manager who enjoys improving skills through consistent practice. I prefer structured work environments and value discipline, curiosity, and continuous self-development.",ENTJ,"AI, Coding, Reading"
U077,Priya Singh,32,Rome,Product Manager,2,Product Manager with 2 years of experience working on real-world projects. Skilled in relevant tools and focused on solving practical problems. Passionate about continuous learning and growth.,"I am a product manager who enjoys improving skills through consistent practice. I prefer structured work environments and value discipline, curiosity, and continuous self-development.",ENTJ,"Travel, Photography, Blogging"
U078,John Singh,23,Barcelona,Product Manager,2,Product Manager with 2 years of experience working on real-world projects. Skilled in relevant tools and focused on solving practical problems. Passionate about continuous learning and growth.,"I am a product manager who enjoys improving skills through consistent practice. I prefer structured work environments and value discipline, curiosity, and continuous self-development.",ENTJ,"Gaming, Tech, Movies"
U079,Ethan Taylor,23,Singapore,Project Manager,5,Project Manager with 5 years of experience working on real-world projects. Skilled in relevant tools and focused on solving practical problems. Passionate about continuous learning and growth.,"I am a project manager who enjoys improving skills through consistent practice. I prefer structured work environments and value discipline, curiosity, and continuous self-development.",ESTJ,"Travel, Photography, Blogging"
U080,Vikram Smith,21,Singapore,Product Manager,4,Product Manager with 4 years of experience working on real-world projects. Skilled in relevant tools and focused on solving practical problems. Passionate about continuous learning and growth.,"I am a product manager who enjoys improving skills through consistent practice. I prefer structured work environments and value discipline, curiosity, and continuous self-development.",ENTJ,"Music, Writing, Culture"
U081,Ethan Kapoor,32,Chennai,Backend Engineer,5,Backend Engineer with 5 years of experience working on real-world projects. Skilled in relevant tools and focused on solving practical problems. Passionate about continuous learning and growth.,"I am a backend engineer who enjoys improving skills through consistent practice. I prefer structured work environments and value discipline, curiosity, and continuous self-development.",ISTP,"Fitness, Sports, Wellness"
U082,Anjali Kapoor,35,Tokyo,Machine Learning Engineer,1,Machine Learning Engineer with 1 years of experience working on real-world projects. Skilled in relevant tools and focused on solving practical problems. Passionate about continuous learning and growth.,"I am a machine learning engineer who enjoys improving skills through consistent practice. I prefer structured work environments and value discipline, curiosity, and continuous self-development.",INTJ,"Travel, Photography, Blogging"
U083,Vikram Sharma,31,Dublin,Marketing Specialist,5,Marketing Specialist with 5 years of experience working on real-world projects. Skilled in relevant tools and focused on solving practical problems. Passionate about continuous learning and growth.,"I am a marketing specialist who enjoys improving skills through consistent practice. I prefer structured work environments and value discipline, curiosity, and continuous self-development.",ESFP,"Travel, Photography, Blogging"
U084,Sneha Singh,34,Tokyo,UI/UX Designer,2,UI/UX Designer with 2 years of experience working on real-world projects. Skilled in relevant tools and focused on solving practical problems. Passionate about continuous learning and growth.,"I am a ui/ux designer who enjoys improving skills through consistent practice. I prefer structured work environments and value discipline, curiosity, and continuous self-development.",ENFP,"Art, Design, Creativity"
U085,Anjali Singh,28,Kolkata,UI/UX Designer,3,UI/UX Designer with 3 years of experience working on real-world projects. Skilled in relevant tools and focused on solving practical problems. Passionate about continuous learning and growth.,"I am a ui/ux designer who enjoys improving skills through consistent practice. I prefer structured work environments and value discipline, curiosity, and continuous self-development.",ENFP,"Travel, Photography, Blogging"
U086,Mia Sharma,35,Toronto,Machine Learning Engineer,5,Machine Learning Engineer with 5 years of experience working on real-world projects. Skilled in relevant tools and focused on solving practical problems. Passionate about continuous learning and growth.,"I am a machine learning engineer who enjoys improving skills through consistent practice. I prefer structured work environments and value discipline, curiosity, and continuous self-development.",INTJ,"Fitness, Sports, Wellness"
U087,John Mehta,34,Bangalore,Product Manager,3,Product Manager with 3 years of experience working on real-world projects. Skilled in relevant tools and focused on solving practical problems. Passionate about continuous learning and growth.,"I am a product manager who enjoys improving skills through consistent practice. I prefer structured work environments and value discipline, curiosity, and continuous self-development.",ENTJ,"Art, Design, Creativity"
U088,Anjali Wilson,34,New York,Business Analyst,3,Business Analyst with 3 years of experience working on real-world projects. Skilled in relevant tools and focused on solving practical problems. Passionate about continuous learning and growth.,"I am a business analyst who enjoys improving skills through consistent practice. I prefer structured work environments and value discipline, curiosity, and continuous self-development.",INFJ,"Music, Writing, Culture"
U089,Riya Smith,24,Chennai,Backend Engineer,4,Backend Engineer with 4 years of experience working on real-world projects. Skilled in relevant tools and focused on solving practical problems. Passionate about continuous learning and growth.,"I am a backend engineer who enjoys improving skills through consistent practice. I prefer structured work environments and value discipline, curiosity, and continuous self-development.",ISTP,"Music, Writing, Culture"
